,Baseline_Mean,Baseline_Variance
energy_level,0.4375446109921485,0.08866367677287536
mind_clarity,0.48474304068522484,0.06370851752120665
stress_level,0.4313245640868767,0.10487985252091236
emotion_score,0.7094017094017094,0.11709706959706978
